-- phpMyAdmin SQL Dump
-- version 5.2.1
-- https://www.phpmyadmin.net/
--
-- Host: 127.0.0.1
-- Generation Time: Jan 15, 2025 at 05:09 PM
-- Server version: 10.4.32-MariaDB
-- PHP Version: 8.2.12

SET SQL_MODE = "NO_AUTO_VALUE_ON_ZERO";
START TRANSACTION;
SET time_zone = "+00:00";


/*!40101 SET @OLD_CHARACTER_SET_CLIENT=@@CHARACTER_SET_CLIENT */;
/*!40101 SET @OLD_CHARACTER_SET_RESULTS=@@CHARACTER_SET_RESULTS */;
/*!40101 SET @OLD_COLLATION_CONNECTION=@@COLLATION_CONNECTION */;
/*!40101 SET NAMES utf8mb4 */;

--
-- Database: `zero`
--

-- --------------------------------------------------------

--
-- Table structure for table `clients`
--

CREATE TABLE `clients` (
  `id` int(11) NOT NULL,
  `name` varchar(255) NOT NULL,
  `companyId` int(11) DEFAULT NULL,
  `image` varchar(255) DEFAULT NULL
) ENGINE=InnoDB DEFAULT CHARSET=utf8mb4 COLLATE=utf8mb4_general_ci;

--
-- Dumping data for table `clients`
--

INSERT INTO `clients` (`id`, `name`, `companyId`, `image`) VALUES
(1, 'الجمعية العمرية التعاونية', 1, '/uploads/1735995251168-lz_Kdxlp_400x400.jpeg'),
(6, 'جمعية العمرية التعاونية', 5, '/uploads/1736537657107-lz_Kdxlp_400x400.jpeg'),
(8, 'جمعية العمرية التعاونية', 6, '/uploads/1736789083535-lz_Kdxlp_400x400.jpeg'),
(9, 'adan', 7, '/uploads/1736873446842-XpqIom.png');

-- --------------------------------------------------------

--
-- Table structure for table `companies`
--

CREATE TABLE `companies` (
  `id` int(11) NOT NULL,
  `name` varchar(255) NOT NULL,
  `image` varchar(255) DEFAULT NULL
) ENGINE=InnoDB DEFAULT CHARSET=utf8mb4 COLLATE=utf8mb4_general_ci;

--
-- Dumping data for table `companies`
--

INSERT INTO `companies` (`id`, `name`, `image`) VALUES
(1, 'شركة ابو شهري التعاونية', NULL),
(5, 'شركة البحر', NULL),
(6, 'شركة سدافكو', NULL),
(7, 'comp', NULL);

-- --------------------------------------------------------

--
-- Table structure for table `groups`
--

CREATE TABLE `groups` (
  `id` int(11) NOT NULL,
  `name` varchar(255) NOT NULL,
  `description` text DEFAULT NULL,
  `image` varchar(255) DEFAULT NULL,
  `clientId` int(11) DEFAULT NULL
) ENGINE=InnoDB DEFAULT CHARSET=utf8mb4 COLLATE=utf8mb4_general_ci;

--
-- Dumping data for table `groups`
--

INSERT INTO `groups` (`id`, `name`, `description`, `image`, `clientId`) VALUES
(65, 'Group 01', NULL, NULL, 1),
(66, 'Group 02', NULL, NULL, 1),
(67, 'Group 03', '', NULL, 6),
(68, 'unliver', NULL, NULL, 6),
(71, '2', NULL, NULL, NULL),
(73, 'مواد', NULL, NULL, 6),
(74, 'مواد', NULL, NULL, 8),
(75, 'md', NULL, NULL, 9);

-- --------------------------------------------------------

--
-- Table structure for table `items`
--

CREATE TABLE `items` (
  `id` int(11) NOT NULL,
  `name` varchar(255) NOT NULL,
  `nameEn` varchar(255) DEFAULT NULL,
  `barcode` varchar(255) DEFAULT NULL,
  `itemNumber` varchar(255) DEFAULT NULL,
  `cartonPrice` decimal(10,2) DEFAULT NULL,
  `unitPrice` decimal(10,2) DEFAULT NULL,
  `bundleSize` int(11) DEFAULT NULL,
  `quantity` int(11) DEFAULT NULL,
  `origin` varchar(255) DEFAULT NULL,
  `notes` text DEFAULT NULL,
  `image` varchar(255) DEFAULT NULL,
  `companyId` int(11) DEFAULT NULL,
  `supplierId` int(11) DEFAULT NULL,
  `clientId` int(11) DEFAULT NULL,
  `groupId` int(11) DEFAULT NULL
) ENGINE=InnoDB DEFAULT CHARSET=utf8mb4 COLLATE=utf8mb4_general_ci;

--
-- Dumping data for table `items`
--

INSERT INTO `items` (`id`, `name`, `nameEn`, `barcode`, `itemNumber`, `cartonPrice`, `unitPrice`, `bundleSize`, `quantity`, `origin`, `notes`, `image`, `companyId`, `supplierId`, `clientId`, `groupId`) VALUES
(4663, 'منن', NULL, '123', NULL, NULL, NULL, NULL, NULL, NULL, NULL, NULL, 6, 4, 8, 74),
(4664, 'ريد بل شراب  الطاقة  250 مل *24', '1', '90162602', NULL, 10.19, NULL, 24, NULL, NULL, NULL, NULL, 7, 5, 9, 75),
(4665, 'ريد بل شراب الطاقة 6 حبة 250 مل 6*4', NULL, '9002490100193', NULL, 10.19, NULL, 4, NULL, NULL, NULL, NULL, 7, 5, 9, 75),
(4666, 'ريد بل خالي من السكر 6 حبة 250 مل 6*4', NULL, '9002490200404', '2540003', 10.19, NULL, 4, NULL, NULL, NULL, NULL, 7, 5, 9, 75),
(4667, 'ريد بل شراب الطاقة 4 باك 355 مل 6*4', NULL, '9002490210229', NULL, 14.23, NULL, 6, NULL, NULL, NULL, NULL, 7, 5, 9, 75),
(4668, 'ريدبل-مشروب طاقة-طعم البطيخ-250مل-4حبة*6', NULL, '9002490257842', NULL, 10.19, NULL, 6, NULL, NULL, NULL, NULL, 7, 5, 9, 75),
(4669, 'ريدبل-مشروب طاقة-عنب بري-250مل-4حبة*6', NULL, '90453403', '2540772', 10.19, NULL, 6, NULL, NULL, NULL, NULL, 7, 5, 9, 75),
(4670, 'ريدبل-مشروب طاقة-جوز الهند-250مل-4حبة*6', NULL, '90454493', '2540817', 10.19, NULL, 6, NULL, NULL, NULL, NULL, 7, 5, 9, 75),
(4671, 'ريدبل-مشروب طاقة- رمان -250مل-4حبة*6', NULL, '90456022', '2540045', 10.19, NULL, 6, NULL, NULL, NULL, NULL, 7, 5, 9, 75),
(4672, 'شاي أحمد-شاي أخضر من الصين100فتلة*2جم*12', NULL, '54881017909', '2540508', 16.32, NULL, 12, NULL, NULL, NULL, NULL, 7, 5, 9, 75),
(4673, 'شاي المناعة  30جم (20 فتلة*1.5جم)*6', NULL, '54881020343', '2540741', 5.43, NULL, 6, NULL, NULL, NULL, NULL, 7, 5, 9, 75),
(4674, 'شاي التنحيف - 30جم (20 فتلة*1.5جم)*6', NULL, '54881020350', '2540743', 5.43, NULL, 6, NULL, NULL, NULL, NULL, 7, 5, 9, 75),
(4675, 'شاي الطاقة -30ج (20 فتلة*1.5جم)*6', NULL, '54881020367', '2540744', 5.43, NULL, 6, NULL, NULL, NULL, NULL, 7, 5, 9, 75),
(4676, 'شاي هضم بنعناع حلو وشمر40ج(20فتلة*2ج)*6', NULL, '54881020374', '2540765', 5.43, NULL, 6, NULL, NULL, NULL, NULL, 7, 5, 9, 75),
(4677, 'شاي أحمد-شاي أخضربالنعناع100فتلة*2جم*12', NULL, '54881017916', '2540493', 16.32, NULL, 12, NULL, NULL, NULL, NULL, 7, 5, 9, 75),
(4678, 'شاي النوم والاسترخاء30ج(20 فتلة*1.5جم)*6', NULL, '54881020381', '2540742', 5.43, NULL, 6, NULL, NULL, NULL, NULL, 7, 5, 9, 75),
(4679, 'شاي الجمال والنضارة30ج(20 فتلة*1.5جم)*6', NULL, '54881020398', '2540745', 5.43, NULL, 6, NULL, NULL, NULL, NULL, 7, 5, 9, 75),
(4680, 'شاي أحمد-جاسمين رومانس-20*2جم(40جم)*6', NULL, '54881005654', '2540639', 4.20, NULL, 6, NULL, NULL, NULL, NULL, 7, 5, 9, 75),
(4681, 'شاي أحمد-مريمية&قرفة-20*1.5جم(30جم)*6', NULL, '54881000017', '2540640', 4.20, NULL, 6, NULL, NULL, NULL, NULL, 7, 5, 9, 75),
(4682, 'شاي أحمد - تريشر - 6باكت*10كيس*2جم*8', NULL, '54881012065', '2540661', 28.90, NULL, 8, NULL, NULL, NULL, NULL, 7, 5, 9, 75),
(4683, 'شاي أحمد-ليمون&زنجبيل-20*2جم(40جم)*6', NULL, '54881020312', '2540643', 4.19, NULL, 6, NULL, NULL, NULL, NULL, 7, 5, 9, 75),
(4684, 'شاي أحمد-إيرل غراي شاي أسود-20فتلة*2جم*6', NULL, '54881005517', '2540494', 4.20, NULL, 6, NULL, NULL, NULL, NULL, 7, 5, 9, 75),
(4685, 'شاي أحمد- فطورإنجليزي-ش أسود20فتلة*2جم*6', NULL, '54881005555', '2540495', 4.20, NULL, 6, NULL, NULL, NULL, NULL, 7, 5, 9, 75),
(4686, 'شاي أحمد-شاي أخضر-20فتلة*2جم*6', NULL, '54881008945', '2540496', 4.20, 0.50, 6, NULL, NULL, NULL, NULL, 7, 5, 9, 75),
(4687, 'شاي أحمد-مختارات شاي أخضر-20فتلة*2جم*6', NULL, '54881003971', '2540497', 4.20, NULL, 6, NULL, NULL, NULL, NULL, 7, 5, 9, 75),
(4688, 'شاي أحمد- شاي قرفة-شاي أسود-20فتلة*2جم*6', NULL, '54881006958', '2540499', 4.20, NULL, 6, NULL, NULL, NULL, NULL, 7, 5, 9, 75),
(4689, 'شاي أحمد شاي أسود بالخوخ والزهر20*2جم*6', NULL, '54881006996', '2540500', 4.20, NULL, 6, NULL, NULL, NULL, NULL, 7, 5, 9, 75),
(4690, 'شاي أحمد- شاي أسود-فطور إنجليزي-200جم*12', NULL, '54881006200', '2540506', 27.28, NULL, 12, NULL, NULL, NULL, NULL, 7, 5, 9, 75),
(4691, 'شاي أحمد- شاي أسود-إيرل غراي-200جم*12', NULL, '54881005937', '2540507', 27.28, NULL, 12, NULL, NULL, NULL, NULL, 7, 5, 9, 75),
(4692, 'شاي أحمد-نعناع&ليمون-20*1.5جم(30جم)*6', NULL, '54881020299', '2540641', 4.20, NULL, 6, NULL, NULL, NULL, NULL, 7, 5, 9, 75),
(4693, 'شاي أحمد- شيست  فور 4*10*2جم(80جم)*12', NULL, '54881004817', '2540662', 35.40, NULL, 12, NULL, NULL, NULL, NULL, 7, 5, 9, 75),
(4694, 'شاي أحمد-بابونج&عشب ليمون-20*1.5ج(30ج)*6', NULL, '54881020305', '2540642', 4.20, NULL, 6, NULL, NULL, NULL, NULL, 7, 5, 9, 75),
(4695, 'شاي أحمد- تى كيبر-8*10*2جم(160جم)*3', NULL, '54881009218', '2540663', 29.17, NULL, 3, NULL, NULL, NULL, NULL, 7, 5, 9, 75),
(4696, 'شاي أحمد--شاي غني فرط-200جم+20%مجانا*12', NULL, '54881015127', '2540521', 9.50, NULL, 12, NULL, NULL, NULL, NULL, 7, 5, 9, 75),
(4697, 'شاي أحمد- بدون كافيين20*2جم(40جم)*6', NULL, '54881008471', '2540665', 5.50, NULL, 6, NULL, NULL, NULL, NULL, 7, 5, 9, 75),
(4698, 'شاي أحمد-ديتاكس-20*2جم(40جم)*6', NULL, '54881013666', '2540644', 5.50, NULL, 6, NULL, NULL, NULL, NULL, 7, 5, 9, 75),
(4699, 'شاي أحمد-شاي فطورإنجليزي400ج-*24', NULL, '54881018463', '2540646', 29.52, NULL, 24, NULL, NULL, NULL, NULL, 7, 5, 9, 75),
(4700, 'شاي أحمد-شاي غني – فرط - 400ج*24', NULL, '54881018470', '2540647', 29.52, NULL, 24, NULL, NULL, NULL, NULL, 7, 5, 9, 75),
(4701, 'شاي أحمد-شاي إنجليزي رقم1-100فتلة*2جم*24', NULL, '54881017817', '2540489', 29.02, NULL, 24, NULL, NULL, NULL, NULL, 7, 5, 9, 75),
(4702, 'شاي أحمد-شاي مثلج-ليمون&نعناع-20*2جم-*6', NULL, '54881018296', '2540717', 5.40, NULL, 6, NULL, NULL, NULL, NULL, 7, 5, 9, 75),
(4703, 'شاي أحمد-شاي مثلج-مانجو&ليتشي-20*2جم-*6', NULL, '54881018302', '2540718', 5.40, NULL, 6, NULL, NULL, NULL, NULL, 7, 5, 9, 75),
(4704, 'شاي أحمد-شاي فطورالإنجليزي100فتلة*2جم*24', NULL, '54881017800', '2540490', 29.02, NULL, 24, NULL, NULL, NULL, NULL, 7, 5, 9, 75),
(4705, 'شاي أحمد - شاي الهيل 100فتلة*2جم *24', NULL, '54881017787', '2540491', 37.09, NULL, 24, NULL, NULL, NULL, NULL, 7, 5, 9, 75),
(4706, 'شاي أحمد - نكهة خاصة 100فتلة*2جم *24', NULL, '54881017824', '2540735', 34.42, NULL, 24, NULL, NULL, NULL, NULL, 7, 5, 9, 75),
(4707, 'شاي احمد شاي اسود نكهة الفنيلا 20فتله*2جم', NULL, '54881007115', '2540502', 4.20, NULL, 6, NULL, NULL, NULL, NULL, 7, 5, 9, 75),
(4708, 'شاي احمد شاي  خليط توتوكردية 20فتله*2جم', NULL, '54881000055', NULL, 6.27, NULL, 6, NULL, NULL, NULL, NULL, 7, 5, 9, 75),
(4709, 'شاي احمد اخضر بدون كافين  20فتله*2جم', NULL, '54881025225', NULL, 6.57, NULL, 6, NULL, NULL, NULL, NULL, 7, 5, 9, 75),
(4710, 'شاي احمد اسود مختارات المذاق بدون كافين  20فتله*2جم', NULL, '54881021708', '2540061', 6.57, NULL, 6, NULL, NULL, NULL, NULL, 7, 5, 9, 75),
(4711, 'شاي احمد اسود مختارات  الفوكهة قطع   20فتله*40جم', NULL, '54881003995', NULL, 6.57, NULL, 6, NULL, NULL, NULL, NULL, 7, 5, 9, 75),
(4712, 'شاي احمد بنكهة الفراولة  20فتله*2جم', NULL, '54881007009', NULL, 6.57, NULL, 6, NULL, NULL, NULL, NULL, 7, 5, 9, 75),
(4713, 'شاي احمد بنكهة التوت البري  20فتله*2جم', NULL, '54881007108', '2540043', 6.57, NULL, 6, NULL, NULL, NULL, NULL, 7, 5, 9, 75),
(4714, 'شاي احمد شاي اسود مع قطع القرنفل 40جم', NULL, '54881024921', NULL, 6.27, NULL, 6, NULL, NULL, NULL, NULL, 7, 5, 9, 75),
(4715, 'مياه ايفا اكوا 330 مل *24', NULL, '8058450670382', '2540138', 4.26, NULL, 24, NULL, NULL, NULL, NULL, 7, 5, 9, 75),
(4716, 'ايفا مياه غازية  250مل *24', NULL, '8058450672447', '2540767', 7.68, NULL, 24, NULL, NULL, NULL, NULL, 7, 5, 9, 75),
(4717, 'مياه ايفا اكوا 1 ليتر *12', NULL, '8058450672478', NULL, 4.48, NULL, 12, NULL, NULL, NULL, NULL, 7, 5, 9, 75),
(4718, 'مياه ايفا اكوا 1.5 ليتر *12', NULL, '8058450670214', '2540126', 5.40, NULL, 12, NULL, NULL, NULL, NULL, 7, 5, 9, 75),
(4719, 'مياه ايفا اكوا 500 مل *24', NULL, '8058450670238', NULL, 4.92, NULL, 24, NULL, NULL, NULL, NULL, 7, 5, 9, 75),
(4720, 'مياه غازية غيرول شتاينر 330 مل *24', NULL, '4001513007865', '2540283', 6.45, NULL, 24, NULL, NULL, NULL, NULL, 7, 5, 9, 75),
(4721, 'مياه معدنية فوس 375 مل *24', NULL, '682430611737', '2540674', 12.99, NULL, 24, NULL, NULL, NULL, NULL, 7, 5, 9, 75),
(4722, 'مياه معدنية فوس 800 مل *12', NULL, '682430611744', '2540675', 9.77, NULL, 12, NULL, NULL, NULL, NULL, 7, 5, 9, 75),
(4723, 'مياه غازية فوس 375 مل *24', NULL, '682430611751', '2540676', 14.16, NULL, 24, NULL, NULL, NULL, NULL, 7, 5, 9, 75),
(4724, 'مياه غازية فوس 800 مل *12', NULL, '682430611768', '2540677', 10.38, NULL, 12, NULL, NULL, NULL, NULL, 7, 5, 9, 75),
(4725, 'مياه معدنية فوس 500 مل *24', NULL, '682430400102', '2540679', 10.80, NULL, 24, NULL, NULL, NULL, NULL, 7, 5, 9, 75),
(4726, 'مياه معدنية فوس 850 مل *12', NULL, '682430400119', '2540680', 7.59, NULL, 12, NULL, NULL, NULL, NULL, 7, 5, 9, 75),
(4727, 'مياه معدنية بلاستيك قابل للتحلل فوس 250مل', NULL, '582430500017', NULL, 6.55, NULL, 24, NULL, NULL, NULL, NULL, 7, 5, 9, 75),
(4728, 'كوي بروبيوتك كمبوتشا-بالمانجو 355مل*12', NULL, '857416006719', '2540085', 13.53, NULL, 12, NULL, NULL, NULL, NULL, 7, 5, 9, 75),
(4729, 'كوي بروبيوتك كمبوتشافراولة&ليمون355مل*12', NULL, '857416006559', '2540086', 13.53, NULL, 12, NULL, NULL, NULL, NULL, 7, 5, 9, 75),
(4730, 'كوي بروبيوتك كمبوتشا-بالبطيخ 355مل*12', NULL, '810031200689', '2540087', 13.53, NULL, 12, NULL, NULL, NULL, NULL, 7, 5, 9, 75),
(4731, 'كوي بروبيوتك كمبوتشا-ف استوائية355مل*12', NULL, '810031200702', '2540088', 13.53, NULL, 12, NULL, NULL, NULL, NULL, 7, 5, 9, 75),
(4732, 'فيت هيت بيري', NULL, '5034033000381', '2540825', 9.36, NULL, 12, NULL, NULL, NULL, NULL, 7, 5, 9, 75),
(4733, 'فيت هيت شاي اخضر', NULL, '5034033000220', '2540826', 9.36, NULL, 12, NULL, NULL, NULL, NULL, 7, 5, 9, 75),
(4734, 'فيت هيت ديتوكس', NULL, '5034033000497', '2540827', 9.36, NULL, 12, NULL, NULL, NULL, NULL, 7, 5, 9, 75),
(4735, 'فيت هيت مناعة', NULL, '5034033000886', '2540828', 9.36, NULL, 12, NULL, NULL, NULL, NULL, 7, 5, 9, 75),
(4736, 'سنابل فروت بانش 473 مل *24', NULL, '76183003138', '2540785', 10.92, NULL, 24, NULL, NULL, NULL, NULL, 7, 5, 9, 75),
(4737, 'سنابل كيوي و فراولة 473 مل *24', NULL, '76183003107', '2540786', 10.92, NULL, 24, NULL, NULL, NULL, NULL, 7, 5, 9, 75),
(4738, 'سنابل ليمونادا زهرية 473 مل *24', NULL, '76183003299', '2540787', 10.92, NULL, 24, NULL, NULL, NULL, NULL, 7, 5, 9, 75),
(4739, 'سنابل  خوخ وتوت عليق 473 مل *24', NULL, '76183002193', '2540089', 10.92, NULL, 24, NULL, NULL, NULL, NULL, 7, 5, 9, 75),
(4740, 'سنابل - أيس تي ليمون - 473مل*24', NULL, '76183003152', '2540800', 13.25, NULL, 24, NULL, NULL, NULL, NULL, 7, 5, 9, 75),
(4741, 'سنابل - أيس تي خوخ - 473مل*24', NULL, '76183003114', '2540801', 13.25, NULL, 24, NULL, NULL, NULL, NULL, 7, 5, 9, 75),
(4742, 'سنابل - أيس تي توت العليق - 473مل*24', NULL, '76183003190', '2540802', 13.25, NULL, 24, NULL, NULL, NULL, NULL, 7, 5, 9, 75),
(4743, 'سنابل تفاح 473 مل *24', NULL, '76183003282', '2540784', 10.92, NULL, 24, NULL, NULL, NULL, NULL, 7, 5, 9, 75),
(4744, 'عصير راوخ تفاح 250 مل *24', NULL, '90020582', '2540122', 7.65, NULL, 24, NULL, NULL, NULL, NULL, 7, 5, 9, 75),
(4745, 'عصير راوخ عنب أبيض 250 مل *24', NULL, '90020599', '2540124', 7.65, NULL, 24, NULL, NULL, NULL, NULL, 7, 5, 9, 75),
(4746, 'عصير راوخ عنب أحمر 250 مل *24', NULL, '90020087', '2540123', 7.65, NULL, 24, NULL, NULL, NULL, NULL, 7, 5, 9, 75),
(4747, 'عصير راوخ دراق فوار 250 مل *24', NULL, '9008700152648', '2540153', 7.65, NULL, 24, NULL, NULL, NULL, NULL, 7, 5, 9, 75),
(4748, 'كافيميو فانيليا 250 مل *12', NULL, '90020711', '2540687', 6.50, NULL, 12, NULL, NULL, NULL, NULL, 7, 5, 9, 75),
(4749, 'كافيميو ماكياتو 250 مل *12', NULL, '90169540', '2540096', 6.50, NULL, 12, NULL, NULL, NULL, NULL, 7, 5, 9, 75),
(4750, 'كافيميو-انتينسو-اسبرسو ماكياتو-250 مل*12', NULL, '9008700163118', '2540769', 7.10, NULL, 12, NULL, NULL, NULL, NULL, 7, 5, 9, 75),
(4751, 'كافيميو كابوتشينو 250 مل *12', NULL, '90169533', '2540097', 6.50, NULL, 12, NULL, NULL, NULL, NULL, 7, 5, 9, 75),
(4752, 'مارتيني 0.0 شراب عنب أبيض فوار 750مل-*6', NULL, '7630040402569', '2540752', 21.00, NULL, 6, NULL, NULL, NULL, NULL, 6, 4, 8, 74),
(4753, 'مارتيني 0.0 شراب روزيه فوار 750مل-*6', NULL, '7630040406055', '2540754', 21.00, NULL, 6, NULL, NULL, NULL, NULL, 6, 4, 8, 74),
(4754, 'ياببي يا شراب عنب أبيض فوار 0,0% 750مل*6', NULL, '4100740108236', '2540815', 15.90, NULL, 6, NULL, NULL, NULL, NULL, 6, 4, 8, 74),
(4755, 'ياببي يا شراب عنب أحمر فوار 0,0% 750مل*6', NULL, '4100740108243', '2540816', 15.90, NULL, 6, NULL, NULL, NULL, NULL, 6, 4, 8, 74),
(4756, 'دي روتشيس كبسولات قهوة انتينسو 3*16', NULL, '8016115000561', '2540775', 5.25, NULL, 3, NULL, NULL, NULL, NULL, 6, 4, 8, 74),
(4757, 'دي روتشيس كبسولات قهوة كريموزو 3*16', NULL, '8016115000578', '2540776', 5.25, NULL, 3, NULL, NULL, NULL, NULL, 6, 4, 8, 74),
(4758, 'دي روتشيس كبسولات قهوة ايلايت 3*16', NULL, '8016115000585', '2540777', 5.25, NULL, 3, NULL, NULL, NULL, NULL, 6, 4, 8, 74),
(4759, 'دي روتشيس كبسولات شوكولاته ساخنة3*16', NULL, '8016115000608', '2540778', 5.25, NULL, 3, NULL, NULL, NULL, NULL, 6, 4, 8, 74),
(4760, 'دي روتشيس كبسولات قهوة كابوتشينو 3*16', NULL, '8016115000554', '2540779', 5.25, NULL, 3, NULL, NULL, NULL, NULL, 6, 4, 8, 74),
(4761, 'دي روتشيس كبسولات قهوة انتينسو 10*10', NULL, '8016115000288', '2540780', 17.50, NULL, 10, NULL, NULL, NULL, NULL, 6, 4, 8, 74),
(4762, 'دي روتشيس كبسولات قهوة كريموزو 10*10', NULL, '8016115000257', '2540781', 17.50, NULL, 10, NULL, NULL, NULL, NULL, 6, 4, 8, 74),
(4763, 'دي روتشيس كبسولات قهوة ايلايت 10*10', NULL, '8016115000271', '2540782', 17.50, NULL, 10, NULL, NULL, NULL, NULL, 6, 4, 8, 74),
(4764, 'دي روتشيس كبسولات قهوة ديكافيناتو 10*10', NULL, '8016115000264', '2540783', 17.50, NULL, 10, NULL, NULL, NULL, NULL, 6, 4, 8, 74),
(4765, 'كبسولات القهوة غوستو كافية لاتيه دولتش 16كبسولة 160 جم', NULL, '8003012006635', NULL, 5.25, NULL, 3, NULL, NULL, NULL, NULL, 6, 4, 8, 74),
(4766, 'كبسولات القهوة غوستو كابتشينو دولتش 16كبسولة 160 جم', NULL, '8003012015866', NULL, 5.25, NULL, 3, NULL, NULL, NULL, NULL, 6, 4, 8, 74),
(4767, 'كبسولات القهوة غوستو حليب دولتش 16كبسولة 160 جم', NULL, '8003012015873', NULL, 5.25, NULL, 3, NULL, NULL, NULL, NULL, 6, 4, 8, 74),
(4768, 'براين بلاسترزسكاكر-فواكه-هارد48ج*12', NULL, '96022757', '2540702', 6.48, NULL, 12, NULL, NULL, NULL, NULL, 6, 4, 8, 74),
(4769, 'شخصية براين بلاسترز-حلوى مضغ حمضية20ج*24', NULL, '5056086500045', '2540792', 2.74, NULL, 24, NULL, NULL, NULL, NULL, 6, 4, 8, 74),
(4770, 'براين بلاسترز علكة حامضية 22ج*30', NULL, '5056086500069', '2540764', 4.10, NULL, 30, NULL, NULL, NULL, NULL, 6, 4, 8, 74),
(4771, 'حلوى م. برين جنك-نكهةتفاح&فراولة112جم*24', NULL, '5056086500601', '2540046', 14.16, NULL, 24, NULL, NULL, NULL, NULL, 6, 4, 8, 74),
(4772, 'قطع علكة صغيرة-نكهةتفاح&بطيخ&توت90جم*24', NULL, '5056086500618', '2540047', 14.16, NULL, 24, NULL, NULL, NULL, NULL, 6, 4, 8, 74),
(4773, 'براين بلاسترز فراولةكشمش داكن48ج*12', NULL, '96105979', '2540703', 6.48, NULL, 12, NULL, NULL, NULL, NULL, 6, 4, 8, 74),
(4774, 'براين بلاسترز-توت عليق حامضي-10ج*48', NULL, '5026418055727', '2540706', 10.80, NULL, 48, NULL, NULL, NULL, NULL, 6, 4, 8, 74),
(4775, 'براين بلاسترز-حامضية بالتفاح28مل*24', NULL, '5026418052566', '2540708', 10.68, NULL, 24, NULL, NULL, NULL, NULL, 6, 4, 8, 74),
(4776, 'براين بلاسترزمنعشة-كولاوفواكه48ج*12', NULL, '5056086595003', '2540704', 6.48, NULL, 12, NULL, NULL, NULL, NULL, 6, 4, 8, 74),
(4777, 'براين بلاسترز-رذاذ لاذع-تفاح28مل*18', NULL, '5026418050388', '2540705', 8.01, NULL, 18, NULL, NULL, NULL, NULL, 6, 4, 8, 74),
(4778, 'براين بلاسترز ليمون وتوت حامض45ج*16', NULL, '96033579', '2540709', 5.12, NULL, 16, NULL, NULL, NULL, NULL, 6, 4, 8, 74),
(4779, 'شخصية براين بلاسترز-حلوى بنكهات-45جم*14', NULL, '5056086500021', NULL, 3.18, NULL, 14, NULL, NULL, NULL, NULL, 6, 4, 8, 74),
(4780, 'فيشار مايسون -  بالملح - 240 جم *8', NULL, '3577060101642', '2540688', 7.10, NULL, 8, NULL, NULL, NULL, NULL, 6, 4, 8, 74),
(4781, 'فيشار مايسون -  بالزبدة - 240 جم *8', NULL, '3577060101659', '2540689', 7.10, NULL, 8, NULL, NULL, NULL, NULL, 6, 4, 8, 74),
(4782, 'فيشار مايسون بالكراميل - 270جم *8', NULL, '3577060101673', '2540710', 7.10, NULL, 8, NULL, NULL, NULL, NULL, 6, 4, 8, 74),
(4783, 'فشار ميكرويف بنكهة الكمأة(فقع)240جم*8', NULL, '3577060101635', '2540007', 9.50, NULL, 8, NULL, NULL, NULL, NULL, 6, 4, 8, 74),
(4784, 'عيدان بريتزل – كلاسيك 255غرام *12', NULL, '77975034095', '2540195', 10.81, NULL, 12, NULL, NULL, NULL, NULL, 6, 4, 8, 74),
(4785, 'بريتزل -سنابس - 255 جم *12', NULL, '77975034118', '2540090', 16.20, NULL, 12, NULL, NULL, NULL, NULL, 6, 4, 8, 74),
(4786, 'يوريكا منظف سائل لملابس أطفال 1.8 لتر*6', NULL, '5201137095173', '2540773', 21.54, NULL, 6, NULL, NULL, NULL, NULL, 6, 4, 8, 74),
(4787, 'يوريكا منعم لملابس الأطفال 1 لتر *12', NULL, '5201137095180', '2540774', 15.84, NULL, 12, NULL, NULL, NULL, NULL, 6, 4, 8, 74),
(4788, 'بودرة معطرة خالية من المعدن 200 غرام', NULL, '5000167014174', '2540010', 1.34, NULL, 1, NULL, NULL, NULL, NULL, 6, 4, 8, 74),
(4789, 'غسول نسائي ملطف العناية القصوى 250 مل', NULL, '5010724527962', '2540181', 1.90, NULL, 1, NULL, NULL, NULL, NULL, 6, 4, 8, 74),
(4790, 'غسول نسائي للمناطق الحميمة  250 مل', NULL, '5010724519417', '2540011', 1.49, NULL, 1, NULL, NULL, NULL, NULL, 6, 4, 8, 74),
(4791, 'غسول أكتف منعش-آيونات فضة&جنسنج250مل*12', NULL, '5010724529317', '2540691', 25.20, NULL, 12, NULL, NULL, NULL, NULL, 6, 4, 8, 74),
(4792, 'سبراي أكتف منعش بآيونات الفضة 125مل *12', NULL, '5010724529300', '2540692', 18.00, NULL, 12, NULL, NULL, NULL, NULL, 6, 4, 8, 74),
(4793, 'فيم فرش-سبراي مناطق حميمة-عبوةسفر50مل*12', NULL, '5010724527177', '2540671', 6.35, NULL, 12, NULL, NULL, NULL, NULL, 6, 4, 8, 74),
(4794, 'فيم فرش-سبراي مناطق حميمة-مضاد حساسية150مل*12', NULL, '5010724533673', '2540048', 25.20, NULL, 12, NULL, NULL, NULL, NULL, 6, 4, 8, 74),
(4795, 'فيم فرش-سبراي مناطق حميمة-مضاد بكتريا150مل*12', NULL, '5010724537091', '2540049', 10.64, NULL, 6, NULL, NULL, NULL, NULL, 6, 4, 8, 74),
(4796, 'فيم فرش رغوي مناطق حميمة-150مل*12', NULL, '5010724544082', '2540051', 10.64, NULL, 6, NULL, NULL, NULL, NULL, 6, 4, 8, 74),
(4797, 'سبراي معطر للمناطق الحميمة 125 مل', NULL, '5000167002126', '2540012', 1.26, NULL, 1, NULL, NULL, NULL, NULL, 6, 4, 8, 74),
(4798, 'مناديل مناطق حميمة-25م-صبار وكالندولا*24', NULL, '5010724526149', '2540753', 33.96, NULL, 24, NULL, NULL, NULL, NULL, 6, 4, 8, 74),
(4799, 'صبغة شعر جست فور من بني وسط *24', NULL, '5010934001856', '2540023', 70.74, NULL, 24, NULL, NULL, NULL, NULL, 6, 4, 8, 74),
(4800, 'صبغة شعر جست فور من بني غامق *24', NULL, '5010934001849', '2540022', 70.74, NULL, 24, NULL, NULL, NULL, NULL, 6, 4, 8, 74),
(4801, 'صبغة لحية وشارب جست فورمن بني غامق *24', NULL, '5010934002747', '2540025', 70.74, NULL, 24, NULL, NULL, NULL, NULL, 6, 4, 8, 74),
(4802, 'صبغة لحية وشارب جست فورمن بني وسط *24', NULL, '5010934002730', '2540026', 70.74, NULL, 24, NULL, NULL, NULL, NULL, 6, 4, 8, 74),
(4803, 'صبغة لحية وشارب جست فورمن أسود *24', NULL, '5010934002754', '2540024', 70.74, NULL, 24, NULL, NULL, NULL, NULL, 6, 4, 8, 74),
(4804, 'جست فور من-صبغةشعر الوجه-أغمق لون بني*24', NULL, '9310379291109', '2540719', 84.00, NULL, 24, NULL, NULL, NULL, NULL, 6, 4, 8, 74),
(4805, 'جست فور من - صبغة شعر- أغمق لون بني-*24', NULL, '9310379291000', '2540720', 84.00, NULL, 24, NULL, NULL, NULL, NULL, 6, 4, 8, 74),
(4806, 'شامبو ملون تدريجي للشعر الأبيض 118مل*12', NULL, '93130379000091', NULL, 49.08, NULL, 12, NULL, NULL, NULL, NULL, 6, 4, 8, 74),
(4807, 'صبغة شعر جست فور من أسود *24', NULL, '5010934002174', '2540021', 70.74, NULL, 24, NULL, NULL, NULL, NULL, 6, 4, 8, 74),
(4808, 'جي ال دي فرشاة خشب فك تشابك الشعر15003', NULL, '3666085150039', '2540795', 2.59, NULL, 1, NULL, NULL, NULL, NULL, 6, 4, 8, 74),
(4809, 'جي ال دي فرشاة خشب مسطحة 15004', NULL, '3666085150046', '2540796', 3.41, NULL, 1, NULL, NULL, NULL, NULL, 6, 4, 8, 74),
(4810, 'جي ال دي مشط خشبي موديل  15006', NULL, '3666085150060', '2540797', 1.37, NULL, 1, NULL, NULL, NULL, NULL, 6, 4, 8, 74),
(4811, 'جي ال دي فرشاة خشب للف الشعر   15008', NULL, '3666085150084', '2540798', 2.59, NULL, 1, NULL, NULL, NULL, NULL, 6, 4, 8, 74),
(4812, 'أمشاط 3 زيادة لمعان رطوبة الشعرRV2987UKE', NULL, '761318029878', '2540238', 1.78, NULL, 1, NULL, NULL, NULL, NULL, 6, 4, 8, 74),
(4813, ' مشط عريض لتكثيف و تجميل الشعرRV2990UKE', NULL, '761318029908', '2540239', 0.78, NULL, 1, NULL, NULL, NULL, NULL, 6, 4, 8, 74),
(4814, 'مجموعة امشاط3 لتصفف وتمليس شعرRV2991UKE2', NULL, '761318029915', '2540240', 1.43, NULL, 1, NULL, NULL, NULL, NULL, 6, 4, 8, 74),
(4815, ' فرشاة تصفيف الشعرشكل بيضاوي RV2974UKE', NULL, '761318029748', '2540232', 2.15, NULL, 1, NULL, NULL, NULL, NULL, 6, 4, 8, 74),
(4816, 'ريفلون فرشاة تصفيف الشعر  RV2980UKE', NULL, '761318029809', '2540221', 2.05, NULL, 1, NULL, NULL, NULL, NULL, 6, 4, 8, 74),
(4817, 'ريفلون فرشاة تصفف الشعرالناعم  RV2982UKE', NULL, '761318029823', '2540223', 1.69, NULL, 1, NULL, NULL, NULL, NULL, 6, 4, 8, 74),
(4818, 'ريفلون فرش تصفيف الشعر الأجعد  RV2975UKE', NULL, '761318029755', '2540218', 1.43, NULL, 1, NULL, NULL, NULL, NULL, 6, 4, 8, 74),
(4819, 'ريفلون فرشاة تصفيف لفرد الشعر  RV2976UKE', NULL, '761318029762', '2540219', 1.59, NULL, 1, NULL, NULL, NULL, NULL, 6, 4, 8, 74),
(4820, ' فرشاة تصفيف لتعزيز تألق الشعرRV2977UKE', NULL, '761318029779', '2540220', 2.15, NULL, 1, NULL, NULL, NULL, NULL, 6, 4, 8, 74),
(4821, 'فرش الشعرالأجعد- امتصاص الحرارةRV2995UKE', NULL, '761318029953', '2540224', 2.26, NULL, 1, NULL, NULL, NULL, NULL, 6, 4, 8, 74),
(4822, ' فرش شعرمستطيلة خفض الشعرالأجعدRV2996UKE', NULL, '761318029960', '2540225', 2.58, NULL, 1, NULL, NULL, NULL, NULL, 6, 4, 8, 74),
(4823, ' فرش تصفيف الشعرسراميك دائرية RV2997UKE', NULL, '761318029977', '2540226', 2.96, NULL, 1, NULL, NULL, NULL, NULL, 6, 4, 8, 74),
(4824, 'فرش شعر مستطيلة امتصاص حرارة RV2998UKE', NULL, '761318029984', '2540227', 2.26, NULL, 1, NULL, NULL, NULL, NULL, 6, 4, 8, 74),
(4825, 'ريفلون فرشاة شعر بيضاوية  RV2994UKE', NULL, '761318029946', '2540236', 2.10, NULL, 1, NULL, NULL, NULL, NULL, 6, 4, 8, 74),
(4826, 'ريفلون فرشاة تصفيف الشعرالكثيف RV2979UKE', NULL, '761318029793', '2540230', 2.27, NULL, 1, NULL, NULL, NULL, NULL, 6, 4, 8, 74),
(4827, 'ريفلون فرشاة لف الشعر  RV2978UKE', NULL, '761318029786', '2540231', 1.77, NULL, 1, NULL, NULL, NULL, NULL, 6, 4, 8, 74),
(4828, 'شامبو استحمام للطفل صباروأعشاب 200مل *12', NULL, '5201410220193', '2540311', 10.74, NULL, 12, NULL, NULL, NULL, NULL, 6, 4, 8, 74),
(4829, 'شامبواستحمام للطفل لافندروأعشاب 200مل*12', NULL, '5201410220209', '2540312', 8.76, NULL, 12, NULL, NULL, NULL, NULL, 6, 4, 8, 74),
(4830, 'شامبو استحمام للطفل صباروأعشاب 500مل *12', NULL, '5201410220094', '2540313', 24.78, NULL, 12, NULL, NULL, NULL, NULL, 6, 4, 8, 74),
(4831, 'شامبواستحمام للطفل لافندروأعشاب500 مل*12', NULL, '5201410220117', '2540314', 16.80, NULL, 12, NULL, NULL, NULL, NULL, 6, 4, 8, 74),
(4832, 'كريم طفح جلدي بالأعشاب الطبيعية 100مل*12', NULL, '5201410220155', '2540316', 16.38, NULL, 12, NULL, NULL, NULL, NULL, 6, 4, 8, 74),
(4833, 'زيت للأطفال بالأعشاب&زيت الزيتون200مل*12', NULL, '5201410220292', '2540543', 1.08, NULL, 12, NULL, NULL, NULL, NULL, 6, 4, 8, 74),
(4834, 'شامبوفتيات-زيت أرغان&بروتين حرير500مل*12', NULL, '5201410220674', '2540760', 24.78, NULL, 12, NULL, NULL, NULL, NULL, 6, 4, 8, 74),
(4835, 'سائل استحمام الفقاعات- للفتيات*500مل*12', NULL, '5201410220667', '2540761', 24.78, NULL, 12, NULL, NULL, NULL, NULL, 6, 4, 8, 74),
(4836, 'سبراي بلسم شعر للبنات -200مل*12', NULL, '5201410220681', '2540762', 14.16, NULL, 12, NULL, NULL, NULL, NULL, 6, 4, 8, 74),
(4837, 'شامبو و سائل استحمام للأولاد - 500مل*12', NULL, '5201410220650', '2540763', 19.20, NULL, 12, NULL, NULL, NULL, NULL, 6, 4, 8, 74),
(4838, 'سبتونا-مناديل أطفال-للبشرةالحساسة-60م*18', NULL, '5201410964257', '2540807', 16.20, NULL, 18, NULL, NULL, NULL, NULL, 6, 4, 8, 74),
(4839, 'سبتونا-مناديل أطفال-بالألوفيرا-60م*18', NULL, '5201410964288', '2540808', 16.20, NULL, 18, NULL, NULL, NULL, NULL, 6, 4, 8, 74),
(4840, 'سبتونا-مناديل أطفال-بالبانوج-80م*18', NULL, '5201410964264', '2540809', 19.64, NULL, 18, NULL, NULL, NULL, NULL, 6, 4, 8, 74),
(4841, 'سبتونا-مناديل للعائلة-بالبانوج-12م*24', NULL, '5201410964271', '2540810', 8.40, NULL, 24, NULL, NULL, NULL, NULL, 6, 4, 8, 74),
(4842, 'سبتونا-مناديل مضادة للجراثيم -ليمون-60م*16', NULL, '5201410240016', '2540749', 20.00, NULL, 16, NULL, NULL, NULL, NULL, 6, 4, 8, 74),
(4843, 'سبتونا-مناديل مضادة للجراثيم -ليمون-15م*15', NULL, '5201410650013', '2540750', 5.32, NULL, 15, NULL, NULL, NULL, NULL, 6, 4, 8, 74),
(4844, 'سبتونا-مناديل مضادة للجراثيم -75%كحول-15م*32', NULL, '5201410650012', NULL, 14.40, NULL, 32, NULL, NULL, NULL, NULL, 6, 4, 8, 74),
(4845, 'سبتونا قطن أذن-أطفال-قابل للتحلل-50ع*18', NULL, '5201410665024', '2540052', 7.37, NULL, 1, NULL, NULL, NULL, NULL, 6, 4, 8, 74),
(4846, 'قطن سبتونا 70وسادة دائرية ثنائية للتجميل', NULL, '5201410707021', '2540320', 0.45, NULL, 1, NULL, NULL, NULL, NULL, 6, 4, 8, 74),
(4847, 'قطن سبتونا 40 وسادة بيضاوية ثنائية تجميل', NULL, '5201410483703', '2540321', 0.69, NULL, 1, NULL, NULL, NULL, NULL, 6, 4, 8, 74),
(4848, 'قطن سبتونا مستطيل 300 عود', NULL, '5201410253337', '2540440', 0.90, NULL, 1, NULL, NULL, NULL, NULL, 6, 4, 8, 74),
(4849, 'قطن سبتونا دائري 50 عود', NULL, '5201410050509', '2540441', 0.26, NULL, 1, NULL, NULL, NULL, NULL, 6, 4, 8, 74),
(4850, 'مناديل مضادة للجراثيم مع سائل ترطيب 15م', NULL, '5201410612400', '2540733', 0.45, NULL, 1, NULL, NULL, NULL, NULL, 6, 4, 8, 74),
(4851, 'مناديل مضادة للجراثيم للأطفال 15م', NULL, '5201410622263', '2540734', 0.45, NULL, 1, NULL, NULL, NULL, NULL, 6, 4, 8, 74),
(4852, 'قطن سبتونا 100 كرة ملونة للتجميل', NULL, '5201410008340', '2540270', 0.39, NULL, 1, NULL, NULL, NULL, NULL, 6, 4, 8, 74),
(4853, 'لصقات جروح للأطفال 15 ضمادة*12', NULL, '5201410003093', '2540670', 6.54, NULL, 12, NULL, NULL, NULL, NULL, 6, 4, 8, 74),
(4854, '35 عرض 60+60 وسادة قطنية', NULL, '5201410812077', '2540667', 13.37, NULL, 35, NULL, NULL, NULL, NULL, 6, 4, 8, 74),
(4855, 'عرض 70+50 وسادة قطنية *24', NULL, '5201410812046', '2540668', 10.80, NULL, 24, NULL, NULL, NULL, NULL, 6, 4, 8, 74),
(4856, 'قطن سبتونا للتجميل 100 عود', NULL, '5201410005011', '2540263', 0.31, NULL, 1, NULL, NULL, NULL, NULL, 6, 4, 8, 74),
(4857, 'قطن سبتونا للتجميل 80 عود في علبة مربعة', NULL, '5201410805017', '2540264', 0.46, NULL, 1, NULL, NULL, NULL, NULL, 6, 4, 8, 74),
(4858, 'قطن سبتونا 100 وسادة دائرية للتجميل', NULL, '5201410108347', '2540269', 0.45, NULL, 1, NULL, NULL, NULL, NULL, 6, 4, 8, 74),
(4859, 'مناديل مضادة للجراثيم بسائل ترطيب 15م*48', NULL, '55201410612405', NULL, 21.60, NULL, 48, NULL, NULL, NULL, NULL, 6, 4, 8, 74),
(4860, 'مناديل مضادة للجراثيم 75% كحول - 15م*32', NULL, '5201410660012', '2540751', 14.40, NULL, 32, NULL, NULL, NULL, NULL, 6, 4, 8, 74),
(4861, 'مناديل مضادة للجراثيم 75% كحول  60م', NULL, '5201410660029', '2540758', 20.00, NULL, 1, NULL, NULL, NULL, NULL, 6, 4, 8, 74),
(4862, 'مناديل سبتونا منعشة كيس أخضر 15 حبة*24', NULL, '5201410612004', '2540793', 0.35, NULL, 1, NULL, NULL, NULL, NULL, 6, 4, 8, 74),
(4863, 'مناديل سبتونا منعشة كيس برتقالي 15حبة*24', NULL, '5201410622225', '2540794', 0.35, NULL, 1, NULL, NULL, NULL, NULL, 6, 4, 8, 74),
(4864, 'قطن أذن- قابل للتحلل-ع مستطيلة-200عود', NULL, '520410663051', NULL, 0.50, NULL, 24, NULL, NULL, NULL, NULL, 6, 4, 8, 74),
(4865, 'قطن أذن- قابل للتحلل-كيس تزويد-100عود*24', NULL, '5201410661033', '2540803', 8.40, NULL, 24, NULL, NULL, NULL, NULL, 6, 4, 8, 74),
(4866, 'قطن أذن - قابل للتحلل-ديسبنسر-160عود*18', NULL, '5201410660982', '2540805', 8.01, NULL, 18, NULL, NULL, NULL, NULL, 6, 4, 8, 74),
(4867, 'قطن أذن- قابل للتحلل-ع مستطيلة-200عود*24', NULL, '5201410663051', '2540806', 12.00, NULL, 24, NULL, NULL, NULL, NULL, 6, 4, 8, 74),
(4868, 'وسائد تجميل قطن ببروتين حرير-80في كيس*35', NULL, '5201410008227', '2540824', 24.50, NULL, 35, NULL, NULL, NULL, NULL, 6, 4, 8, 74),
(4869, 'ديرماسوفت مزيلة مكياج بالفحم النشط20م*18', NULL, '5201410616125', '2540818', 18.00, NULL, 18, NULL, NULL, NULL, NULL, 6, 4, 8, 74),
(4870, 'ديرماسوفت م مكياج-أوركيد&كولاجين 20م*18', NULL, '5201410616200', '2540819', 18.00, NULL, 18, NULL, NULL, NULL, NULL, 6, 4, 8, 74),
(4871, 'ديرماسوفت م مكياج-بهيالورنيك ولؤلؤ20م*18', NULL, '5201410616217', '2540820', 18.00, NULL, 18, NULL, NULL, NULL, NULL, 6, 4, 8, 74),
(4872, 'ديرماسوفت م مكياج-فيت سي وميسيلار20م*18', NULL, '5201410616194', '2540821', 18.00, NULL, 18, NULL, NULL, NULL, NULL, 6, 4, 8, 74),
(4873, 'ديرماسوفت م مكياج-ماءجوزهندوأكسجين20م*18', NULL, '5201410616231', '2540822', 18.00, NULL, 18, NULL, NULL, NULL, NULL, 6, 4, 8, 74),
(4874, 'قطن أذن- قابل للتحلل-كيس تزويد-200عود*24', NULL, '5201410661316', '2540823', 15.12, NULL, 24, NULL, NULL, NULL, NULL, 6, 4, 8, 74),
(4875, 'لصقات جروح 40 لصقة - عائلي', NULL, '5201410003406', '2540191', 0.71, NULL, 1, NULL, NULL, NULL, NULL, 6, 4, 8, 74),
(4876, 'لصقات جروح 20 لصقة - ضد الماء - اكسترا', NULL, '5201410003222', '2540789', 0.55, NULL, 1, NULL, NULL, NULL, NULL, 6, 4, 8, 74),
(4877, 'لصقات جروح 8 لصقة - شديدة التحمل', NULL, '5201410003086', '2540193', 0.55, NULL, 1, NULL, NULL, NULL, NULL, 6, 4, 8, 74),
(4878, 'مناديل سبتونا منعشة كيس أخضر 60 حبة', NULL, '5201410772777', '2540273', 1.25, NULL, 1, NULL, NULL, NULL, NULL, 6, 4, 8, 74),
(4879, 'بلاستر لازالة مسمار القدم بين الاصابع ع6', NULL, '5201410003604', '2540271', 0.55, NULL, 1, NULL, NULL, NULL, NULL, 6, 4, 8, 74),
(4880, 'بلاستر لعلاج البثوروالتقرحات في القدمين', NULL, '5201410003611', '2540272', 1.14, NULL, 1, NULL, NULL, NULL, NULL, 6, 4, 8, 74),
(4881, 'سبتونا ديرماسوفت-م عائلة-بابونج-100م*18', NULL, '5201410964233', '2540811', 22.50, NULL, 18, NULL, NULL, NULL, NULL, 6, 4, 8, 74),
(4882, 'سبتونا ديرماسوفت-م للعائلة-بابونج-12م*24', NULL, '5201410964240', '2540812', 8.40, NULL, 24, NULL, NULL, NULL, NULL, 6, 4, 8, 74),
(4883, 'سبتونا ديرماسوفت-ماكس-م بالجلسرين-60م*12', NULL, '5201410964226', '2540813', 13.62, NULL, 12, NULL, NULL, NULL, NULL, 6, 4, 8, 74),
(4884, 'إنليفن غسول فم-نعناع بارد-أزرق-500مل*16', NULL, '5055028321748', '2540755', 21.60, NULL, 16, NULL, NULL, NULL, NULL, 6, 4, 8, 74),
(4885, 'إنليفن غسول فم نعناع منعش-أخضر-500مل*16', NULL, '5055028321755', '2540756', 21.60, NULL, 16, NULL, NULL, NULL, NULL, 6, 4, 8, 74),
(4886, 'إنليفن غسول فم-عناية كاملةبنفسجي500مل*16', NULL, '5055028360044', '2540757', 21.60, NULL, 16, NULL, NULL, NULL, NULL, 6, 4, 8, 74),
(4887, 'بيرل دروبس هوليوود مبيض للأسنان 50 مل', NULL, '5010724517512', '2540036', 1.29, NULL, 1, NULL, NULL, NULL, NULL, 6, 4, 8, 74),
(4888, 'بيرل دروبس معجون للمدخنين أخضر 75 مل', NULL, '5010724503454', '2540038', 0.86, NULL, 1, NULL, NULL, NULL, NULL, 6, 4, 8, 74),
(4889, 'بيرل دروبس جل للمدخنين أزرق 75 مل', NULL, '5010724503423', '2540037', 0.86, NULL, 1, NULL, NULL, NULL, NULL, 6, 4, 8, 74),
(4890, 'مفارش حيوانات أليفة 60*60 - 15 مفرش*6', NULL, '5201410890280', NULL, 10.35, NULL, 6, NULL, NULL, NULL, NULL, 6, 4, 8, 74),
(4891, 'مفارش حيوانات أليفة 90*60 - 15 مفرش*6', NULL, '5201410890297', NULL, 15.00, NULL, 6, NULL, NULL, NULL, NULL, 6, 4, 8, 74),
(4892, 'وسائد حيونات أليفة 60*60 - سيتونا 15مفرش', NULL, '5201410964479', NULL, 15.00, NULL, 6, NULL, NULL, NULL, NULL, 6, 4, 8, 74),
(4893, 'وسائد حيونات أليفة 60*90 - سيتونا 15مفرش', NULL, '5201410964462', NULL, 19.08, NULL, 6, NULL, NULL, NULL, NULL, 6, 4, 8, 74),
(4894, 'شاي أحمد-فطورإنجليزي100*2جم-2ب1.890دك*12', NULL, '635739781656', '2540656', 21.00, NULL, 12, NULL, NULL, NULL, NULL, 6, 4, 8, 74),
(4895, 'شاي أحمد-إنجليزي رقم1-100*2ج-2ب1.890د*12', NULL, '635739781670', '2540657', 21.00, NULL, 12, NULL, NULL, NULL, NULL, 6, 4, 8, 74),
(4896, 'شاي احمد لتقوية المناعة بفتامين سي والليمون وجنزبيل 2ح 25%', NULL, '635739786446', '2540064', 4.35, NULL, 3, NULL, NULL, NULL, NULL, 6, 4, 8, 74),
(4897, 'شاي احمد للنوم والاسترخاء بزهرة الباشن والبابونج والعسل2ح 25%', NULL, '635739786484', '2540068', 4.35, NULL, 3, NULL, NULL, NULL, NULL, 6, 4, 8, 74),
(4898, 'شاي احمد لتقوية للتنحيف بالليمون والشاي الاخضر ونبتة ماتي2ح 25%', NULL, '635739786453', '2540065', 4.35, NULL, 3, NULL, NULL, NULL, NULL, 6, 4, 8, 74),
(4899, 'شاي احمد للطاقة والنشاط جريب فروت وعشبة الماتي2ح 25%', NULL, '635739786460', '2540066', 4.35, NULL, 3, NULL, NULL, NULL, NULL, 6, 4, 8, 74),
(4900, 'شاي احمد للجمال والنضارة خوخ والخروب وفاكهة الوردة الحمراء2ح 25%', NULL, '635739786491', '2540069', 4.35, NULL, 3, NULL, NULL, NULL, NULL, 6, 4, 8, 74),
(4901, 'شاي احمد للهضم بالنعناع الحلو وعشبة الشمر 2ح 25%', NULL, '635739786477', '2540067', 4.35, NULL, 3, NULL, NULL, NULL, NULL, 6, 4, 8, 74),
(4902, 'بودرة معطرة 200 غرام 2*25% خصم*1', NULL, '5010724526705', '2540071', 2.01, NULL, 1, NULL, NULL, NULL, NULL, 6, 4, 8, 74),
(4903, 'غسول ملطف عناية قصوى 250 مل 2*25% خصم*1', NULL, '5010724529164', NULL, 2.85, NULL, 1, NULL, NULL, NULL, NULL, 6, 4, 8, 74),
(4904, 'غسول أكتف منعش-آيونات فضة& عرض 25 %', NULL, '5010724538982', '2540072', 3.15, NULL, 1, NULL, NULL, NULL, NULL, 6, 4, 8, 74),
(4905, 'سبراى أكتف منعش-آيونات فضة عرض 25 %', NULL, '5010724538999', '2540073', 2.25, NULL, 1, NULL, NULL, NULL, NULL, 6, 4, 8, 74),
(4906, 'مناديل فيم  -25 منديل –وكالندولا عرض 25%', NULL, '5010724539002', NULL, 2.12, NULL, 1, NULL, NULL, NULL, NULL, 6, 4, 8, 74),
(4907, 'هوليود سمايل 50مل-25%خصم-2حبة *1', NULL, '5010724526187', '2540604', 1.94, NULL, 1, NULL, NULL, NULL, NULL, 6, 4, 8, 74),
(4908, 'جل أخضر للمدخنين75مل-25%خصم-2حبة *1 عرض ', NULL, '5010724531280', '2540605', 1.28, NULL, 1, NULL, NULL, NULL, NULL, 6, 4, 8, 74),
(4909, 'معجون أزرق للمدخنين75مل-25%خصم-2حبة *1 عرض', NULL, '5040724530405', '2540606', 1.28, NULL, 1, NULL, NULL, NULL, NULL, 6, 4, 8, 74),
(4910, ' إنليفن غسول فم-نعناع بارد-أزرق-500مل*(1+1)', NULL, '635739786835', NULL, 10.80, NULL, 8, NULL, NULL, NULL, NULL, 6, 4, 8, 74),
(4911, 'فيشار مايسون -  بالملح - 240 جم *8 (2 حبة 25% خصم)', NULL, '635739785463', NULL, 5.31, NULL, 4, NULL, NULL, NULL, NULL, 6, 4, 8, 74),
(4912, 'فيشار مايسون -  بالزبدة - 240 جم *82 حبة 25% خصم)', NULL, '635739785470', NULL, 5.31, NULL, 4, NULL, NULL, NULL, NULL, 6, 4, 8, 74),
(4913, 'فيشار مايسون -  بالسكر - 270 جم *82 حبة 25% خصم)', NULL, '635739785487', NULL, 5.31, NULL, 4, NULL, NULL, NULL, NULL, 6, 4, 8, 74),
(4914, 'فيشار مايسون بالكراميل - 270جم *82 حبة 25% خصم)', NULL, '63573978549', NULL, 5.31, NULL, 4, NULL, NULL, NULL, NULL, 6, 4, 8, 74),
(4915, 'مياه اكوا ايفا 330 مل 10+2', NULL, '635673975067', NULL, 5.31, NULL, 1, NULL, NULL, NULL, NULL, 6, 4, 8, 74),
(4916, 'مياه ايفا اكوا 500 مل 5+1', NULL, '8058450671426', NULL, 4.10, NULL, 1, NULL, NULL, NULL, NULL, 6, 4, 8, 74),
(4917, 'مياه ايفا اكوا 500 مل 4+2 مجانا *4', NULL, '635673977313', NULL, 3.27, NULL, 4, NULL, NULL, NULL, NULL, 6, 4, 8, 74),
(4918, 'مياه أكوا إيفا 330مل - 20+4 مجانا -*1', NULL, '635739780000', NULL, 3.55, NULL, 1, NULL, NULL, NULL, NULL, 6, 4, 8, 74),
(4919, 'مياه ايفا اكوا 1.5 ليتر 5+1', NULL, '8058450671334', NULL, 4.50, NULL, 4, NULL, NULL, NULL, NULL, 6, 4, 8, 74),
(4920, 'مياه معدنية فوس 330 مل (4+2مجانا)', NULL, '635739782929', NULL, 5.75, NULL, 4, NULL, NULL, NULL, NULL, 6, 4, 8, 74),
(4921, 'مياه غازية فوس 375 مل (2+2) مجانا', NULL, '635739787405', NULL, 7.05, NULL, 4, NULL, NULL, NULL, NULL, 6, 4, 8, 74),
(4922, 'مياه معدنية فوس 500 مل (3+1مجانا)', NULL, '635739782936', NULL, 8.10, NULL, 4, NULL, NULL, NULL, NULL, 6, 4, 8, 74),
(4923, 'مياه معدنية فوس 500 مل (4+2)*4', NULL, '635739785845', NULL, 7.20, NULL, 4, NULL, NULL, NULL, NULL, 6, 4, 8, 74),
(4924, 'h', NULL, '2121122222', NULL, NULL, NULL, NULL, NULL, NULL, NULL, NULL, 7, 5, 9, 75);

-- --------------------------------------------------------

--
-- Table structure for table `suppliers`
--

CREATE TABLE `suppliers` (
  `id` int(11) NOT NULL,
  `name` varchar(255) NOT NULL,
  `username` varchar(255) NOT NULL,
  `password` varchar(255) NOT NULL,
  `phone` varchar(20) DEFAULT NULL,
  `terms_accepted` tinyint(1) DEFAULT 0
) ENGINE=InnoDB DEFAULT CHARSET=utf8mb4 COLLATE=utf8mb4_general_ci;

--
-- Dumping data for table `suppliers`
--

INSERT INTO `suppliers` (`id`, `name`, `username`, `password`, `phone`, `terms_accepted`) VALUES
(1, '1', '1', '1', '01205608637', 1),
(2, '2', '2', '2', '01205608637', 0),
(3, 'ahmed', 'ahmed', 'ahmed', '99354394', 0),
(4, 'gaber', 'gaber', '123', '69977161', 1),
(5, 'mohamed', 'medo', '1234', '99354394', 1);

--
-- Indexes for dumped tables
--

--
-- Indexes for table `clients`
--
ALTER TABLE `clients`
  ADD PRIMARY KEY (`id`),
  ADD KEY `companyId` (`companyId`);

--
-- Indexes for table `companies`
--
ALTER TABLE `companies`
  ADD PRIMARY KEY (`id`);

--
-- Indexes for table `groups`
--
ALTER TABLE `groups`
  ADD PRIMARY KEY (`id`),
  ADD KEY `clientId` (`clientId`);

--
-- Indexes for table `items`
--
ALTER TABLE `items`
  ADD PRIMARY KEY (`id`),
  ADD KEY `companyId` (`companyId`),
  ADD KEY `supplierId` (`supplierId`),
  ADD KEY `clientId` (`clientId`),
  ADD KEY `groupId` (`groupId`);

--
-- Indexes for table `suppliers`
--
ALTER TABLE `suppliers`
  ADD PRIMARY KEY (`id`);

--
-- AUTO_INCREMENT for dumped tables
--

--
-- AUTO_INCREMENT for table `clients`
--
ALTER TABLE `clients`
  MODIFY `id` int(11) NOT NULL AUTO_INCREMENT, AUTO_INCREMENT=10;

--
-- AUTO_INCREMENT for table `companies`
--
ALTER TABLE `companies`
  MODIFY `id` int(11) NOT NULL AUTO_INCREMENT, AUTO_INCREMENT=8;

--
-- AUTO_INCREMENT for table `groups`
--
ALTER TABLE `groups`
  MODIFY `id` int(11) NOT NULL AUTO_INCREMENT, AUTO_INCREMENT=76;

--
-- AUTO_INCREMENT for table `items`
--
ALTER TABLE `items`
  MODIFY `id` int(11) NOT NULL AUTO_INCREMENT, AUTO_INCREMENT=4925;

--
-- AUTO_INCREMENT for table `suppliers`
--
ALTER TABLE `suppliers`
  MODIFY `id` int(11) NOT NULL AUTO_INCREMENT, AUTO_INCREMENT=6;

--
-- Constraints for dumped tables
--

--
-- Constraints for table `clients`
--
ALTER TABLE `clients`
  ADD CONSTRAINT `clients_ibfk_1` FOREIGN KEY (`companyId`) REFERENCES `companies` (`id`) ON DELETE SET NULL;

--
-- Constraints for table `groups`
--
ALTER TABLE `groups`
  ADD CONSTRAINT `groups_ibfk_1` FOREIGN KEY (`clientId`) REFERENCES `clients` (`id`) ON DELETE SET NULL;

--
-- Constraints for table `items`
--
ALTER TABLE `items`
  ADD CONSTRAINT `items_ibfk_1` FOREIGN KEY (`companyId`) REFERENCES `companies` (`id`) ON DELETE SET NULL,
  ADD CONSTRAINT `items_ibfk_2` FOREIGN KEY (`supplierId`) REFERENCES `suppliers` (`id`) ON DELETE SET NULL,
  ADD CONSTRAINT `items_ibfk_3` FOREIGN KEY (`clientId`) REFERENCES `clients` (`id`) ON DELETE SET NULL,
  ADD CONSTRAINT `items_ibfk_4` FOREIGN KEY (`groupId`) REFERENCES `groups` (`id`) ON DELETE SET NULL;
COMMIT;

/*!40101 SET CHARACTER_SET_CLIENT=@OLD_CHARACTER_SET_CLIENT */;
/*!40101 SET CHARACTER_SET_RESULTS=@OLD_CHARACTER_SET_RESULTS */;
/*!40101 SET COLLATION_CONNECTION=@OLD_COLLATION_CONNECTION */;
